ark,image_thumb,objectid,filename,display_template,parentid,image_alt_text,contributing_institution,contributing_institution_uri,language,collectionid,digital_collection_ark,rights,rightsstatement,title,type,personal_creator,personal_creator_uri,corporate_creator,corporate_creator_uri,personal_contributor,personal_contributor_uri,corporate_contributor,corporate_contributor_uri,date,description,extent,genre,genre_uri,subject,subject_uri,personal_name_subject,personal_name_subject_uri,corporate_name_subject,corporate_name_subject_uri,location,location_uri,latitude,longitude,chronological_subject,ark
,,aami_a2004013_001,aami_a2004013_001,complex,,,African American Museum of Iowa,,eng;zxx,Amplifying Black Voices in Iowa,,http://rightsstatements.org/vocab/InC-RUU/1.0/,,"Sepia Record, vol 1. no. 1",Text;Still Image,"Toney, Charles W., 1913-2009",,,,,,,,1944,"Magazine created to present African American lives and success, locally and nationally. General focus of war effort on the part of Black Iowans.",46 pages,serials (publications),,"Black people;African Americans;press, African American",,,,,,Iowa--Davenport,,,,,
,,aami_a2004013_001_p001,aami_a2004013_001_p001,child,aami_a2004013_001,,,,,,,,,Front cover,,,,,,,,,,,,,,,,,,,,,,,,,,
,,aami_a2004013_001_p002,aami_a2004013_001_p002,child,aami_a2004013_001,,,,,,,,,Inside front cover and page 1,,,,,,,,,,,,,,,,,,,,,,,,,,
,,aami_a2004013_001_p003,aami_a2004013_001_p003,child,aami_a2004013_001,,,,,,,,,Page 2-3,,,,,,,,,,,,,,,,,,,,,,,,,,
,,aami_a2004013_001_p004,aami_a2004013_001_p004,child,aami_a2004013_001,,,,,,,,,Page 4-5,,,,,,,,,,,,,,,,,,,,,,,,,,
,,aami_a2004013_001_p005,aami_a2004013_001_p005,child,aami_a2004013_001,,,,,,,,,Page 6-7,,,,,,,,,,,,,,,,,,,,,,,,,,
,,aami_a2004013_001_p006,aami_a2004013_001_p006,child,aami_a2004013_001,,,,,,,,,Page 8-9,,,,,,,,,,,,,,,,,,,,,,,,,,
,,aami_a2004013_001_p007,aami_a2004013_001_p007,child,aami_a2004013_001,,,,,,,,,Page 10-11,,,,,,,,,,,,,,,,,,,,,,,,,,
,,aami_a2004013_001_p008,aami_a2004013_001_p008,child,aami_a2004013_001,,,,,,,,,Page 12-13,,,,,,,,,,,,,,,,,,,,,,,,,,
,,aami_a2004013_001_p009,aami_a2004013_001_p009,child,aami_a2004013_001,,,,,,,,,Page 14-15,,,,,,,,,,,,,,,,,,,,,,,,,,
,,aami_a2004013_001_p010,aami_a2004013_001_p010,child,aami_a2004013_001,,,,,,,,,Page 16-17,,,,,,,,,,,,,,,,,,,,,,,,,,
,,aami_a2004013_001_p011,aami_a2004013_001_p011,child,aami_a2004013_001,,,,,,,,,Page 18-19,,,,,,,,,,,,,,,,,,,,,,,,,,
,,aami_a2004013_001_p012,aami_a2004013_001_p012,child,aami_a2004013_001,,,,,,,,,Page 20-21,,,,,,,,,,,,,,,,,,,,,,,,,,
,,aami_a2004013_001_p013,aami_a2004013_001_p013,child,aami_a2004013_001,,,,,,,,,Page 22-23,,,,,,,,,,,,,,,,,,,,,,,,,,
,,aami_a2004013_001_p014,aami_a2004013_001_p014,child,aami_a2004013_001,,,,,,,,,Page 24-25,,,,,,,,,,,,,,,,,,,,,,,,,,
,,aami_a2004013_001_p015,aami_a2004013_001_p015,child,aami_a2004013_001,,,,,,,,,Page 26-27,,,,,,,,,,,,,,,,,,,,,,,,,,
,,aami_a2004013_001_p016,aami_a2004013_001_p016,child,aami_a2004013_001,,,,,,,,,Page 28-29,,,,,,,,,,,,,,,,,,,,,,,,,,
,,aami_a2004013_001_p017,aami_a2004013_001_p017,child,aami_a2004013_001,,,,,,,,,Page 30-31,,,,,,,,,,,,,,,,,,,,,,,,,,
,,aami_a2004013_001_p018,aami_a2004013_001_p018,child,aami_a2004013_001,,,,,,,,,Page 32-33,,,,,,,,,,,,,,,,,,,,,,,,,,
,,aami_a2004013_001_p019,aami_a2004013_001_p019,child,aami_a2004013_001,,,,,,,,,Page 34-35,,,,,,,,,,,,,,,,,,,,,,,,,,
,,aami_a2004013_001_p020,aami_a2004013_001_p020,child,aami_a2004013_001,,,,,,,,,Page 36-37,,,,,,,,,,,,,,,,,,,,,,,,,,
,,aami_a2004013_001_p021,aami_a2004013_001_p021,child,aami_a2004013_001,,,,,,,,,Page 38-39,,,,,,,,,,,,,,,,,,,,,,,,,,
,,aami_a2004013_001_p022,aami_a2004013_001_p022,child,aami_a2004013_001,,,,,,,,,Page 40-41,,,,,,,,,,,,,,,,,,,,,,,,,,
,,aami_a2004013_001_p023,aami_a2004013_001_p023,child,aami_a2004013_001,,,,,,,,,Page 42-43,,,,,,,,,,,,,,,,,,,,,,,,,,
,,aami_a2004013_001_p024,aami_a2004013_001_p024,child,aami_a2004013_001,,,,,,,,,Page 44 and inside back cover,,,,,,,,,,,,,,,,,,,,,,,,,,
,,aami_a2004013_001_p025,aami_a2004013_001_p025,child,aami_a2004013_001,,,,,,,,,back cover,,,,,,,,,,,,,,,,,,,,,,,,,,
,,aami_a2004013_002,aami_a2004013_002,complex,,,African American Museum of Iowa,,eng;zxx,Amplifying Black Voices in Iowa,,http://rightsstatements.org/vocab/InC-RUU/1.0/,,"Sepia Record, vol 1. no. 2",Text;Still Image,"Toney, Charles W., 1913-2009",,,,,,,,1945,"Magazine created to present African American lives and success, locally and nationally.",36 pages,serials (publications),,Black people;African Americans;African American press,,,,,,Iowa--Davenport,,,,,
,,aami_a2004013_002_p001,aami_a2004013_002_p001,child,aami_a2004013_002,,,,,,,,,front cover and page 1,,,,,,,,,,,,,,,,,,,,,,,,,,
,,aami_a2004013_002_p002,aami_a2004013_002_p002,child,aami_a2004013_002,,,,,,,,,Page 2-3,,,,,,,,,,,,,,,,,,,,,,,,,,
,,aami_a2004013_002_p003,aami_a2004013_002_p003,child,aami_a2004013_002,,,,,,,,,Page 4-5,,,,,,,,,,,,,,,,,,,,,,,,,,
,,aami_a2004013_002_p004,aami_a2004013_002_p004,child,aami_a2004013_002,,,,,,,,,Page 6-7,,,,,,,,,,,,,,,,,,,,,,,,,,
,,aami_a2004013_002_p005,aami_a2004013_002_p005,child,aami_a2004013_002,,,,,,,,,Page 8-9,,,,,,,,,,,,,,,,,,,,,,,,,,
,,aami_a2004013_002_p006,aami_a2004013_002_p006,child,aami_a2004013_002,,,,,,,,,Page 10-11,,,,,,,,,,,,,,,,,,,,,,,,,,
,,aami_a2004013_002_p007,aami_a2004013_002_p007,child,aami_a2004013_002,,,,,,,,,Page 12-13,,,,,,,,,,,,,,,,,,,,,,,,,,
,,aami_a2004013_002_p008,aami_a2004013_002_p008,child,aami_a2004013_002,,,,,,,,,Page 14-15,,,,,,,,,,,,,,,,,,,,,,,,,,
,,aami_a2004013_002_p009,aami_a2004013_002_p009,child,aami_a2004013_002,,,,,,,,,Page 16-17,,,,,,,,,,,,,,,,,,,,,,,,,,
,,aami_a2004013_002_p010,aami_a2004013_002_p010,child,aami_a2004013_002,,,,,,,,,Page 18-19,,,,,,,,,,,,,,,,,,,,,,,,,,
,,aami_a2004013_002_p011,aami_a2004013_002_p011,child,aami_a2004013_002,,,,,,,,,Page 20-21,,,,,,,,,,,,,,,,,,,,,,,,,,
,,aami_a2004013_002_p012,aami_a2004013_002_p012,child,aami_a2004013_002,,,,,,,,,Page 22-23,,,,,,,,,,,,,,,,,,,,,,,,,,
,,aami_a2004013_002_p013,aami_a2004013_002_p013,child,aami_a2004013_002,,,,,,,,,Page 24-25,,,,,,,,,,,,,,,,,,,,,,,,,,
,,aami_a2004013_002_p014,aami_a2004013_002_p014,child,aami_a2004013_002,,,,,,,,,Page 26-27,,,,,,,,,,,,,,,,,,,,,,,,,,
,,aami_a2004013_002_p015,aami_a2004013_002_p015,child,aami_a2004013_002,,,,,,,,,Page 28-29,,,,,,,,,,,,,,,,,,,,,,,,,,
,,aami_a2004013_002_p016,aami_a2004013_002_p016,child,aami_a2004013_002,,,,,,,,,Page 30-31,,,,,,,,,,,,,,,,,,,,,,,,,,
,,aami_a2004013_002_p017,aami_a2004013_002_p017,child,aami_a2004013_002,,,,,,,,,Page 32-33,,,,,,,,,,,,,,,,,,,,,,,,,,
,,aami_a2004013_002_p018,aami_a2004013_002_p018,child,aami_a2004013_002,,,,,,,,,Page 34-35,,,,,,,,,,,,,,,,,,,,,,,,,,
,,aami_a2004013_002_p019,aami_a2004013_002_p019,child,aami_a2004013_002,,,,,,,,,back cover,,,,,,,,,,,,,,,,,,,,,,,,,,
,,aami_a2005023_001,aami_a2005023_001,complex,,,African American Museum of Iowa,,eng,DePatten Family,,http://rightsstatements.org/vocab/InC-RUU/1.0/,,Negro business and information directory,Text,,,"Negro Chamber of Commerce, Des Moines, Iowa",,,,,,1939/1940,Overview of businesses and establishments that welcome business from clients or customers regardless of race. Printed by Robert Patten.,14 pages,printed ephemera,,Black people;African Americans;small business,,,,,,Iowa--Des Moines,,,,,
,,aami_a2005023_001_p001,aami_a2005023_001_p001,child,aami_a2005023_001,,,,,,,,,Front cover,,,,,,,,,,,,,,,,,,,,,,,,,,
,,aami_a2005023_001_p002,aami_a2005023_001_p002,child,aami_a2005023_001,,,,,,,,,Inside front cover and page 1,,,,,,,,,,,,,,,,,,,,,,,,,,
,,aami_a2005023_001_p003,aami_a2005023_001_p003,child,aami_a2005023_001,,,,,,,,,Page 2-3,,,,,,,,,,,,,,,,,,,,,,,,,,
,,aami_a2005023_001_p004,aami_a2005023_001_p004,child,aami_a2005023_001,,,,,,,,,Page 4-5,,,,,,,,,,,,,,,,,,,,,,,,,,
,,aami_a2005023_001_p005,aami_a2005023_001_p005,child,aami_a2005023_001,,,,,,,,,Page 6-7,,,,,,,,,,,,,,,,,,,,,,,,,,
,,aami_a2005023_001_p006,aami_a2005023_001_p006,child,aami_a2005023_001,,,,,,,,,Page 8-9,,,,,,,,,,,,,,,,,,,,,,,,,,
,,aami_a2005023_001_p007,aami_a2005023_001_p007,child,aami_a2005023_001,,,,,,,,,Page 10-11,,,,,,,,,,,,,,,,,,,,,,,,,,
,,aami_a2005023_001_p008,aami_a2005023_001_p008,child,aami_a2005023_001,,,,,,,,,Page 12 and inside back cover,,,,,,,,,,,,,,,,,,,,,,,,,,
,,aami_a2005023_001_p009,aami_a2005023_001_p009,child,aami_a2005023_001,,,,,,,,,Back cover,,,,,,,,,,,,,,,,,,,,,,,,,,
,,aami_a2005023_002,aami_a2005023_002,complex,,,African American Museum of Iowa,,eng,DePatten Family,,http://rightsstatements.org/vocab/InC-RUU/1.0/,,Men's fashions review,Text,,,Iowana Mona D-S' Beauticians League,,,,,,1952-11-02,Program for fashion show presented at the Willkie House. Program printed by Robert Patten.,10 pages,printed ephemera,,"women, Black;women, African American;fashion shows",,,,,,Iowa--Des Moines,,,,,
,,aami_a2005023_002_p001,aami_a2005023_002_p001,child,aami_a2005023_002,,,,,,,,,Front cover,,,,,,,,,,,,,,,,,,,,,,,,,,
,,aami_a2005023_002_p002,aami_a2005023_002_p002,child,aami_a2005023_002,,,,,,,,,Inside front cover and page 1,,,,,,,,,,,,,,,,,,,,,,,,,,
,,aami_a2005023_002_p003,aami_a2005023_002_p003,child,aami_a2005023_002,,,,,,,,,Page 2-3,,,,,,,,,,,,,,,,,,,,,,,,,,
,,aami_a2005023_002_p004,aami_a2005023_002_p004,child,aami_a2005023_002,,,,,,,,,Page 4-5,,,,,,,,,,,,,,,,,,,,,,,,,,
,,aami_a2005023_002_p005,aami_a2005023_002_p005,child,aami_a2005023_002,,,,,,,,,Page 6-7,,,,,,,,,,,,,,,,,,,,,,,,,,
,,aami_a2005023_002_p006,aami_a2005023_002_p006,child,aami_a2005023_002,,,,,,,,,Page 8 and inside back cover,,,,,,,,,,,,,,,,,,,,,,,,,,
,,aami_a2005023_002_p007,aami_a2005023_002_p007,child,aami_a2005023_002,,,,,,,,,Back cover,,,,,,,,,,,,,,,,,,,,,,,,,,
,,aami_a2005023_003,aami_a2005023_003,simple,,,African American Museum of Iowa,,eng,DePatten Family,,http://rightsstatements.org/vocab/InC-RUU/1.0/,,Friend in need,Text,"Brown, Gertrude",,,,,,,,,Printed by Robert Patten.,1 page,printed ephemera,,"Black people;African Americans;printmakers, African Americans",,,,,,United States--Iowa,,,,,
,,aami_a2005023_004,aami_a2005023_004,complex,,,African American Museum of Iowa,,eng,DePatten Family,,http://rightsstatements.org/vocab/InC-RUU/1.0/,,Memorial program,Text,,,,,,,,,1970-11-22,Memorial program to slain youths. Simpson College experimental theater group mentioned.,2 pages,printed ephemera,,Black people;African Americans,,,,,,United States--Iowa,,,,,
,,aami_a2005023_004_p001,aami_a2005023_004_p001,child,aami_a2005023_004,,,,,,,,,Cover,,,,,,,,,,,,,,,,,,,,,,,,,,
,,aami_a2005023_004_p002,aami_a2005023_004_p002,child,aami_a2005023_004,,,,,,,,,Page 1-2,,,,,,,,,,,,,,,,,,,,,,,,,,
,,aami_a2005023_005,aami_a2005023_005,complex,,,African American Museum of Iowa,,eng,DePatten Family,,http://rightsstatements.org/vocab/InC-RUU/1.0/,,Patten Novelty Company profit sharing certificate,Text,,,Patten Novelty Company,,,,,,,,1 object,printed ephemera,,Black people;African Americans,,,,,,Iowa--Des Moines,,,,,
,,aami_a2005023_005_p001,aami_a2005023_005_p001,child,aami_a2005023_005,,,,,,,,,Front,,,,,,,,,,,,,,,,,,,,,,,,,,
,,aami_a2005023_005_p002,aami_a2005023_005_p002,child,aami_a2005023_005,,,,,,,,,Back,,,,,,,,,,,,,,,,,,,,,,,,,,
,,aami_a2005023_006,aami_a2005023_006,simple,,,African American Museum of Iowa,,eng;zxx,DePatten Family,,http://rightsstatements.org/vocab/InC-RUU/1.0/,,Andrew's Court apartments advertisement,Text;Still Image,,,,,,,,,,Shows image of the buildings at the corner of 10th Street and Clark Street.,1 object,printed ephemera,,"Black people;African Americans;printmakers, African American",,,,,,Iowa--Des Moines,,,,,
,,aami_a2006012_001,aami_a2006012_001,complex,,,African American Museum of Iowa,,eng;zxx,The Viola Gibson Collection,,http://rightsstatements.org/vocab/NoC-US/1.0/,,"The Uniter, summer 1974, volume 10, number 3",Text;Still Image,,,Church Women United in Iowa,,,,,,1974,Quarterly newsletter for Christian women. Viola Gibson was a member of the Nominating Committee (see page 2).,6 pages,serials (publications),,"Christian women -- Religious life;African Americans;Black people;women, Black;women, African American",,"Gibson, Viola",,,,United States--Iowa,,,,,
,,aami_a2006012_001_p001,aami_a2006012_001_p001,child,aami_a2006012_001,,,,,,,,,Page 1,,,,,,,,,,,,,,,,,,,,,,,,,,
,,aami_a2006012_001_p002,aami_a2006012_001_p002,child,aami_a2006012_001,,,,,,,,,Page 2-3,,,,,,,,,,,,,,,,,,,,,,,,,,
,,aami_a2006012_001_p003,aami_a2006012_001_p003,child,aami_a2006012_001,,,,,,,,,Page 4-5,,,,,,,,,,,,,,,,,,,,,,,,,,
,,aami_a2006012_001_p004,aami_a2006012_001_p004,child,aami_a2006012_001,,,,,,,,,Page 6,,,,,,,,,,,,,,,,,,,,,,,,,,
,,aami_a2006012_002,aami_a2006012_002,complex,,,African American Museum of Iowa,,eng;zxx,The Viola Gibson Collection,,http://rightsstatements.org/vocab/NoC-US/1.0/,,"The Uniter, fall 1974, volume 10, number 4",Text;Still Image,,,Church Women United in Iowa,,,,,,1974,Quarterly newsletter for Christian women. Viola Gibson was a member of the Nominating Committee (see page 2).,6 pages,serials (publications),,"Christian women -- Religious life;African Americans;Black people;women, Black;women, African American",,"Gibson, Viola",,,,United States--Iowa,,,,,
,,aami_a2006012_002_p001,aami_a2006012_002_p001,child,aami_a2006012_002_p001,,,,,,,,,Page 1,,,,,,,,,,,,,,,,,,,,,,,,,,
,,aami_a2006012_002_p002,aami_a2006012_002_p002,child,aami_a2006012_002_p001,,,,,,,,,Page 2-3,,,,,,,,,,,,,,,,,,,,,,,,,,
,,aami_a2006012_002_p003,aami_a2006012_002_p003,child,aami_a2006012_002_p001,,,,,,,,,Page 4-5,,,,,,,,,,,,,,,,,,,,,,,,,,
,,aami_a2006012_002_p004,aami_a2006012_002_p004,child,aami_a2006012_002_p001,,,,,,,,,Page 6,,,,,,,,,,,,,,,,,,,,,,,,,,
,,aami_a2006012_003,aami_a2006012_003,complex,,,African American Museum of Iowa,,eng,The Viola Gibson Collection,,http://rightsstatements.org/vocab/NoC-US/1.0/,,The cost of our redemption,Text,"Gibson, Viola, 1905-1989",,,,,,,,,Handwritten Easter sermon.,4 pages,speeches (documents),,"Christian women -- Religious life;African Americans;Black people;women, Black;women, African American",,,,Christ Sanctified Holy Church,,Iowa--Cedar Rapids,,,,,
,,aami_a2006012_003_p001,aami_a2006012_003_p001,child,aami_a2006012_003,,,,,,,,,Page 1,,,,,,,,,,,,,,,,,,,,,,,,,,
,,aami_a2006012_003_p002,aami_a2006012_003_p002,child,aami_a2006012_003,,,,,,,,,Page 2,,,,,,,,,,,,,,,,,,,,,,,,,,
,,aami_a2006012_003_p003,aami_a2006012_003_p003,child,aami_a2006012_003,,,,,,,,,Page 3,,,,,,,,,,,,,,,,,,,,,,,,,,
,,aami_a2006012_003_p004,aami_a2006012_003_p004,child,aami_a2006012_003,,,,,,,,,Page 4,,,,,,,,,,,,,,,,,,,,,,,,,,
,,aami_a2006012_004,aami_a2006012_004,complex,,,African American Museum of Iowa,,eng,The Viola Gibson Collection,,http://rightsstatements.org/vocab/NoC-US/1.0/,,A call to women,Text,"Gibson, Viola, 1905-1989",,,,,,,,,Handwritten sermon.,6 pages,speeches (documents),,"Christian women -- Religious life;African Americans;Black people;women, Black;women, African American",,,,Christ Sanctified Holy Church,,Iowa--Cedar Rapids,,,,,
,,aami_a2006012_004_p001,aami_a2006012_004_p001,child,aami_a2006012_004,,,,,,,,,Page 1,,,,,,,,,,,,,,,,,,,,,,,,,,
,,aami_a2006012_004_p002,aami_a2006012_004_p002,child,aami_a2006012_004,,,,,,,,,Page 2,,,,,,,,,,,,,,,,,,,,,,,,,,
,,aami_a2006012_004_p003,aami_a2006012_004_p003,child,aami_a2006012_004,,,,,,,,,Page 3,,,,,,,,,,,,,,,,,,,,,,,,,,
,,aami_a2006012_004_p004,aami_a2006012_004_p004,child,aami_a2006012_004,,,,,,,,,Page 4,,,,,,,,,,,,,,,,,,,,,,,,,,
,,aami_a2006012_004_p005,aami_a2006012_004_p005,child,aami_a2006012_004,,,,,,,,,Page 5,,,,,,,,,,,,,,,,,,,,,,,,,,
,,aami_a2006012_004_p006,aami_a2006012_004_p006,child,aami_a2006012_004,,,,,,,,,Page 6,,,,,,,,,,,,,,,,,,,,,,,,,,
,,aami_a2006012_005,aami_a2006012_005,complex,,,African American Museum of Iowa,,eng,The Viola Gibson Collection,,http://rightsstatements.org/vocab/NoC-US/1.0/,,What's in a name?,Text,"Gibson, Viola, 1905-1989",,,,,,,,,Handwritten sermon.,4 pages,speeches (documents),,"Christian women -- Religious life;African Americans;Black people;women, Black;women, African American",,,,Christ Sanctified Holy Church,,Iowa--Cedar Rapids,,,,,
,,aami_a2006012_005_p001,aami_a2006012_005_p001,child,aami_a2006012_005,,,,,,,,,Page 1,,,,,,,,,,,,,,,,,,,,,,,,,,
,,aami_a2006012_005_p002,aami_a2006012_005_p002,child,aami_a2006012_005,,,,,,,,,Page 2,,,,,,,,,,,,,,,,,,,,,,,,,,
,,aami_a2006012_005_p003,aami_a2006012_005_p003,child,aami_a2006012_005,,,,,,,,,Page 3,,,,,,,,,,,,,,,,,,,,,,,,,,
,,aami_a2006012_005_p004,aami_a2006012_005_p004,child,aami_a2006012_005,,,,,,,,,Page 4,,,,,,,,,,,,,,,,,,,,,,,,,,
,,aami_a2006012_006,aami_a2006012_006,complex,,,African American Museum of Iowa,,eng,The Viola Gibson Collection,,http://rightsstatements.org/vocab/NoC-US/1.0/,,"Our only hope - change on the racial fronts""""",Text,"Gibson, Viola, 1905-1989",,,,,,,,,Handwritten essay on the ways American culture and society impacts African Americans.,5 pages,personal papers,,"African Americans;Black people;women, African American;women, Black",,,,,,Iowa--Cedar Rapids,,,,,
,,aami_a2006012_006_p001,aami_a2006012_006_p001,child,aami_a2006012_006,,,,,,,,,Page 1,,,,,,,,,,,,,,,,,,,,,,,,,,
,,aami_a2006012_006_p002,aami_a2006012_006_p002,child,aami_a2006012_006,,,,,,,,,Page 2,,,,,,,,,,,,,,,,,,,,,,,,,,
,,aami_a2006012_006_p003,aami_a2006012_006_p003,child,aami_a2006012_006,,,,,,,,,Page 3,,,,,,,,,,,,,,,,,,,,,,,,,,
,,aami_a2006012_006_p004,aami_a2006012_006_p004,child,aami_a2006012_006,,,,,,,,,Page 4,,,,,,,,,,,,,,,,,,,,,,,,,,
,,aami_a2006012_006_p005,aami_a2006012_006_p005,child,aami_a2006012_006,,,,,,,,,Page 5,,,,,,,,,,,,,,,,,,,,,,,,,,
,,aami_a2006012_007,aami_a2006012_007,complex,,,African American Museum of Iowa,,eng,The Viola Gibson Collection,,http://rightsstatements.org/vocab/NoC-US/1.0/,,35th annual session of the C.S.H. Northern Conference District program,Text,,,,,,,,,1957,,2 pages,printed ephemera,,"African Americans;Black people;Christians, Black",,,,Christ Sanctified Holy Church,,Iowa--Cedar Rapids,,,,,
,,aami_a2006012_007_p001,aami_a2006012_007_p001,child,aami_a2006012_007,,,,,,,,,Page 1,,,,,,,,,,,,,,,,,,,,,,,,,,
,,aami_a2006012_007_p002,aami_a2006012_007_p002,child,aami_a2006012_007,,,,,,,,,Page 2,,,,,,,,,,,,,,,,,,,,,,,,,,
,,aami_a2006012_008,aami_a2006012_008,complex,,,African American Museum of Iowa,,eng,The Viola Gibson Collection,,http://rightsstatements.org/vocab/NoC-US/1.0/,,"43rd annual conference of Christ's Sanctified Holy Church Northern and Western District, August 14-19, 1962 program",Text,,,,,,,,,1962,,4 pages,printed ephemera,,"African Americans;Black people;Christians, Black",,,,Christ's Sanctified Holy Church,,Iowa--Des Moines,,,,,
,,aami_a2006012_008_p001,aami_a2006012_008_p001,child,aami_a2006012_008,,,,,,,,,Page 1,,,,,,,,,,,,,,,,,,,,,,,,,,
,,aami_a2006012_008_p002,aami_a2006012_008_p002,child,aami_a2006012_008,,,,,,,,,Page 2-3,,,,,,,,,,,,,,,,,,,,,,,,,,
,,aami_a2006012_008_p003,aami_a2006012_008_p003,child,aami_a2006012_008,,,,,,,,,Page 4,,,,,,,,,,,,,,,,,,,,,,,,,,
,,aami_a2006012_009,aami_a2006012_009,complex,,,African American Museum of Iowa,,eng,The Viola Gibson Collection,,http://rightsstatements.org/vocab/NoC-US/1.0/,,42nd annual conference of Christ's Sanctified Holy Church Northern District program,Text,,,,,,,,,1959,,4 pages,printed ephemera,,"African Americans;Black people;Christians, Black",,,,Christ's Sanctified Holy Church,,Iowa--Des Moines,,,,,
,,aami_a2006012_009_p001,aami_a2006012_009_p001,child,aami_a2006012_009,,,,,,,,,Page 1,,,,,,,,,,,,,,,,,,,,,,,,,,
,,aami_a2006012_009_p002,aami_a2006012_009_p002,child,aami_a2006012_009,,,,,,,,,Page 2-3,,,,,,,,,,,,,,,,,,,,,,,,,,
,,aami_a2006012_009_p003,aami_a2006012_009_p003,child,aami_a2006012_009,,,,,,,,,Page 4,,,,,,,,,,,,,,,,,,,,,,,,,,
,,aami_a2006012_010,aami_a2006012_010,complex,,,African American Museum of Iowa,,eng,The Viola Gibson Collection,,http://rightsstatements.org/vocab/NoC-US/1.0/,,31st annual conference of Christ's Sanctified Holy Church Northern District program,Text,,,,,,,,,1948,,4 pages,printed ephemera,,"African Americans;Black people;Christians, Black",,,,Christ Sanctified Holy Church,,Iowa--Cedar Rapids,,,,,
,,aami_a2006012_010_p001,aami_a2006012_010_p001,child,aami_a2006012_010,,,,,,,,,Page 1,,,,,,,,,,,,,,,,,,,,,,,,,,
,,aami_a2006012_010_p002,aami_a2006012_010_p002,child,aami_a2006012_010,,,,,,,,,Page 2-3,,,,,,,,,,,,,,,,,,,,,,,,,,
,,aami_a2006012_010_p003,aami_a2006012_010_p003,child,aami_a2006012_010,,,,,,,,,Page 4,,,,,,,,,,,,,,,,,,,,,,,,,,
,,aami_a2006012_011,aami_a2006012_011,simple,,,African American Museum of Iowa,,eng,The Viola Gibson Collection,,http://rightsstatements.org/vocab/NoC-US/1.0/,,"29th anniversary of the founding of Christ's Sanctified Holy Church, and the 75th birthday of its founder and pastor, Elder H. G. Darden program",Text,,,,,,,,,1948,,1 page,printed ephemera,,"African Americans;Black people;Christians, Black",,,,Christ's Sanctified Holy Church,,United States--Iowa,,,,,
,,aami_a2006012_012,aami_a2006012_012,complex,,,African American Museum of Iowa,,eng,The Viola Gibson Collection,,http://rightsstatements.org/vocab/NoC-US/1.0/,,The obituary of Mother Bettie Tart,Text,"Gibson, Viola, 1905-1989",,,,,,,,1953,"Front includes obituary, back has handwritten lyrics for ""Abide in him.""",2 pages,obituaries,,"African Americans;Black people;Christians, Black;women, African American;women, Black",,,,Christ Sanctified Holy Church,,Iowa--Cedar Rapids,,,,,
,,aami_a2006012_012_p001,aami_a2006012_012_p001,child,aami_a2006012_012,,,,,,,,,Page 1,,,,,,,,,,,,,,,,,,,,,,,,,,
,,aami_a2006012_012_p002,aami_a2006012_012_p002,child,aami_a2006012_012,,,,,,,,,Page 2,,,,,,,,,,,,,,,,,,,,,,,,,,
,,aami_a2006012_013,aami_a2006012_013,complex,,,African American Museum of Iowa,,eng,The Viola Gibson Collection,,http://rightsstatements.org/vocab/NoC-US/1.0/,,Who's who and youth column from The Christian Guide typed drafts,Text,"Gibson, Viola, 1905-1989",,,,,,,,1948-11,Gibson edited the Youth Column.,4 pages,manuscripts (documents),,"African Americans;Black people;Christians, Black;women, African American;women, Black",,,,Christ's Sanctified Holy Church,,United States--Iowa,,,,,
,,aami_a2006012_013_p001,aami_a2006012_013_p001,child,aami_a2006012_013,,,,,,,,,Page 1,,,,,,,,,,,,,,,,,,,,,,,,,,
,,aami_a2006012_013_p002,aami_a2006012_013_p002,child,aami_a2006012_013,,,,,,,,,Page 2,,,,,,,,,,,,,,,,,,,,,,,,,,
,,aami_a2006012_013_p003,aami_a2006012_013_p003,child,aami_a2006012_013,,,,,,,,,Page 3,,,,,,,,,,,,,,,,,,,,,,,,,,
,,aami_a2006012_013_p004,aami_a2006012_013_p004,child,aami_a2006012_013,,,,,,,,,Page 4,,,,,,,,,,,,,,,,,,,,,,,,,,
,,aami_a2006012_014,aami_a2006012_014,complex,,,African American Museum of Iowa,,eng,The Viola Gibson Collection,,http://rightsstatements.org/vocab/NoC-US/1.0/,,Who's who and youth column from The Christian Guide typed drafts,Text,"Gibson, Viola, 1905-1989",,,,,,,,1949-02,Gibson edited the Youth Column.,4 pages,manuscripts (documents),,"African Americans;Black people;Christians, Black;women, African American;women, Black",,,,Christ's Sanctified Holy Church,,United States--Iowa,,,,,
,,aami_a2006012_014_p001,aami_a2006012_014_p001,child,aami_a2006012_014,,,,,,,,,Page 1,,,,,,,,,,,,,,,,,,,,,,,,,,
,,aami_a2006012_014_p002,aami_a2006012_014_p002,child,aami_a2006012_014,,,,,,,,,Page 2,,,,,,,,,,,,,,,,,,,,,,,,,,
,,aami_a2006012_014_p003,aami_a2006012_014_p003,child,aami_a2006012_014,,,,,,,,,Page 3,,,,,,,,,,,,,,,,,,,,,,,,,,
,,aami_a2006012_014_p004,aami_a2006012_014_p004,child,aami_a2006012_014,,,,,,,,,Page 4,,,,,,,,,,,,,,,,,,,,,,,,,,
,,aami_a2006012_015,aami_a2006012_015,complex,,,African American Museum of Iowa,,eng,The Viola Gibson Collection,,http://rightsstatements.org/vocab/NoC-US/1.0/,,Youth column for The Christian Guide typed draft,Text,"Gibson, Viola, 1905-1989",,,,,,,,1949-07,Gibson edited the Youth Column.,4 pages,manuscripts (documents),,"African Americans;Black people;Christians, Black;women, African American;women, Black",,,,Christ's Sanctified Holy Church,,United States--Iowa,,,,,
,,aami_a2006012_015_p001,aami_a2006012_015_p001,child,aami_a2006012_015,,,,,,,,,Page 1,,,,,,,,,,,,,,,,,,,,,,,,,,
,,aami_a2006012_015_p002,aami_a2006012_015_p002,child,aami_a2006012_015,,,,,,,,,Page 2,,,,,,,,,,,,,,,,,,,,,,,,,,
,,aami_a2006012_015_p003,aami_a2006012_015_p003,child,aami_a2006012_015,,,,,,,,,Page 3,,,,,,,,,,,,,,,,,,,,,,,,,,
,,aami_a2006012_015_p004,aami_a2006012_015_p004,child,aami_a2006012_015,,,,,,,,,Page 4,,,,,,,,,,,,,,,,,,,,,,,,,,
,,aami_a2006012_016,aami_a2006012_016,complex,,,African American Museum of Iowa,,eng,The Viola Gibson Collection,,http://rightsstatements.org/vocab/NoC-US/1.0/,,Youth column for The Christian Guide typed draft,Text,"Gibson, Viola, 1905-1989",,,,,,,,1949-04,Gibson edited the Youth Column.,2 pages,manuscripts (documents),,"African Americans;Black people;Christians, Black;women, African American;women, Black",,,,Christ's Sanctified Holy Church,,United States--Iowa,,,,,
,,aami_a2006012_016_p001,aami_a2006012_016_p001,child,aami_a2006012_016,,,,,,,,,Page 1,,,,,,,,,,,,,,,,,,,,,,,,,,
,,aami_a2006012_016_p002,aami_a2006012_016_p002,child,aami_a2006012_016,,,,,,,,,Page 2,,,,,,,,,,,,,,,,,,,,,,,,,,
,,aami_a2006012_017,aami_a2006012_017,complex,,,African American Museum of Iowa,,eng,The Viola Gibson Collection,,http://rightsstatements.org/vocab/NoC-US/1.0/,,Youth column for The Christian Guide typed draft,Text,"Gibson, Viola, 1905-1989",,,,,,,,1949-07,Gibson edited the Youth Column.,2 pages,manuscripts (documents),,"African Americans;Black people;Christians, Black;women, African American;women, Black",,,,Christ's Sanctified Holy Church,,United States--Iowa,,,,,
,,aami_a2006012_017_p001,aami_a2006012_017_p001,child,aami_a2006012_017,,,,,,,,,Page 1,,,,,,,,,,,,,,,,,,,,,,,,,,
,,aami_a2006012_017_p002,aami_a2006012_017_p002,child,aami_a2006012_017,,,,,,,,,Page 2,,,,,,,,,,,,,,,,,,,,,,,,,,
,,1916010701,1916010701,complex,,,State Historical Society of Iowa,http://id.loc.gov/authorities/names/n80098568,eng;zxx,The Iowa State Bystander,,,,"Iowa state bystander. volume 22, number 29, January, 7 1916",Text;Still Image,,,,,,,,,1916-01-07,"Contents include but are not limited to Kappa Alpha Psi fraternity 5th annual meeting elects new officers, community news (Ft. Madison, Kewanee, etc.), Des Moines water quality, missing man bones found, war story of ambulance driver in Paris, new war technology, barn designs, and other topics.",3 pages,Newspapers,http://vocab.getty.edu/page/aat/300026656,African Americans; Kappa Alpha Psi Fraternity; Fraternal organizations; City and town life; Water utilities; World War (1914-1918); War--Technological innovations ; Ambulances ; African American women college teachers; Black people,,,,,,Iowa|Iowa--Des Moines,,,,,
,,,,child,1916010701,,,,,,,,,Page 1,,,,,,,,,,,,,,,,,,,,,,,,,,
,,,,child,1916010701,,,,,,,,,Page 2,,,,,,,,,,,,,,,,,,,,,,,,,,
,,,,child,1916010701,,,,,,,,,Page 3,,,,,,,,,,,,,,,,,,,,,,,,,,
,,1916031701,1916031701,complex,,,State Historical Society of Iowa,http://id.loc.gov/authorities/names/n80098568,eng;zxx,The Iowa State Bystander,,,,"Iowa state bystander. volume 22, number 39, March 17, 1916",Text;Still Image,,,,,,,,,1916-03-17,"Contents include but are not limited to Des Moines primary talks and unofficial vote counts, various images of the different candidates in the local elections, American inventors innovating, diary page of officer’s chaotic night patrol in London, war effects on lace imports, image of British soldiers at Cairo, and other topics.",4 pages,Newspapers,http://vocab.getty.edu/aat/300026656,African Americans; Local elections; Politics and government; Voting registers; Technological innovations; World War (1914-1918); Lace industry; Great Britain. Army,,,,,,Iowa|Iowa--Des Moines,,,,,
,,,,child,1916031701,,,,,,,,,Page 1,,,,,,,,,,,,,,,,,,,,,,,,,,
,,,,child,1916031701,,,,,,,,,Page 2,,,,,,,,,,,,,,,,,,,,,,,,,,
,,,,child,1916031701,,,,,,,,,Page 3,,,,,,,,,,,,,,,,,,,,,,,,,,
,,,,child,1916031701,,,,,,,,,Page 4,,,,,,,,,,,,,,,,,,,,,,,,,,
,,1916042801,1916042801,complex,,,State Historical Society of Iowa,http://id.loc.gov/authorities/names/n80098568,eng;zxx,The Iowa State Bystander,,,,"Iowa state bystander. volume 22, number 45, April 28, 1916",Text;Still Image,,,,,,,,,1916-04-28,"Contents include but are not limited to Des Moines City Council prohibits ""The Birth of a Nation"" film from being shown, Black soldiers in Texas and Mexico facing severe discrimination, community news (Macon, Rock Island, etc.), Germany offers reward for French ""Corsair of the Air"" due to bombing raids, different types of wire defense tactics in WWI, a locomotive repurposed to compress hay, and other topics.",4 pages,Newspapers,http://vocab.getty.edu/aat/300026656,African Americans; Protest movements ; Drama ; Birth of a nation (Motion picture : 1915); African American soldiers; Discrimination in the military; City and town life; World War (1914-1918); Aeronautics Military; Bombardment ; Intrenchments ; Locomotives ,,,,,,Iowa|Iowa--Des Moines,,,,,
,,,,child,1916042801,,,,,,,,,Page 1,,,,,,,,,,,,,,,,,,,,,,,,,,
,,,,child,1916042801,,,,,,,,,Page 2,,,,,,,,,,,,,,,,,,,,,,,,,,
,,,,child,1916042801,,,,,,,,,Page 3,,,,,,,,,,,,,,,,,,,,,,,,,,
,,,,child,1916042801,,,,,,,,,Page 4,,,,,,,,,,,,,,,,,,,,,,,,,,
,,1916060901,1916060901,complex,,,State Historical Society of Iowa,http://id.loc.gov/authorities/names/n80098568,eng;zxx,The Iowa State Bystander,,,,"Iowa state bystander. volume 22, number 51, June 9, 1916",Text;Still Image,,,,,,,,,1916-06-09,"Contents include but are not limited to community news (Keokuk, Burlington, etc.), NAACP meeting reviews ""Birth of a Nation"" protest success and plans for a membership drive, Sunday School Congress planned expansions, message from R. R. Moton to Alabama teachers, Britain's massive new army now holds 100 miles of the Western Front, and other topics.",4 pages,Newspapers,http://vocab.getty.edu/aat/300026656,"African Americans; City and town life; National Association for the Advancement of Colored People; Birth of a nation (Motion picture : 1915); Sunday schools; Education; Moton,  Robert Russa,  1867-1940; Tuskegee Institute; World War (1914-1918); Great Britain. Army; Western Front (World War (1914-1918))",,,,,,Iowa|Iowa--Des Moines,,,,,
,,,,child,1916060901,,,,,,,,,Page 1,,,,,,,,,,,,,,,,,,,,,,,,,,
,,,,child,1916060901,,,,,,,,,Page 2,,,,,,,,,,,,,,,,,,,,,,,,,,
,,,,child,1916060901,,,,,,,,,Page 3,,,,,,,,,,,,,,,,,,,,,,,,,,
,,,,child,1916060901,,,,,,,,,Page 4,,,,,,,,,,,,,,,,,,,,,,,,,,
,,1916081101,1916081101,complex,,,State Historical Society of Iowa,http://id.loc.gov/authorities/names/n80098568,eng;zxx,The Iowa State Bystander,,,,"Iowa state bystander. volume 23, number 9, August 11, 1916",Text;Still Image,,,,,,,,,1916-08-11,"Contents include but are not limited to Kansas Black fair promotes industrial and agricultural skills, news editors’ observations, community news (Clinton, Sioux City, etc.), Aviator Ruth Law to perform stunts at Iowa State Fair, allies gain initiative over Germany in WWI, thoughts on Black self-sufficiency and education, and other topics.",4 pages,Newspapers,http://vocab.getty.edu/aat/300026656,"African Americans; Agricultural exhibitions; Law,  Ruth,  1887-1970; Iowa State Fair; Observations ; City and town life; World War (1914-1918); Germany ; African Americans--Education",,,,,,Iowa|Iowa--Des Moines,,,,,
,,,,child,1916081101,,,,,,,,,Page 1,,,,,,,,,,,,,,,,,,,,,,,,,,
,,,,child,1916081101,,,,,,,,,Page 2,,,,,,,,,,,,,,,,,,,,,,,,,,
,,,,child,1916081101,,,,,,,,,Page 3,,,,,,,,,,,,,,,,,,,,,,,,,,
,,,,child,1916081101,,,,,,,,,Page 4,,,,,,,,,,,,,,,,,,,,,,,,,,
,,1917021601,1917021601,complex,,,State Historical Society of Iowa,http://id.loc.gov/authorities/names/n80098568,eng;zxx,The Iowa State Bystander,,,,"Iowa state bystander. volume 23, number 36, February 16, 1917",Text;Still Image,,,,,,,,,1917-02-16,"Contents include but are not limited to community news (Macon, Clarinda, etc.), poem honoring Lincoln and Douglass, business advertisements, The Bystander contracts cartoon company, influential Black woman passes away, Charles Dawes business advice, and other topics.",4 pages,Newspapers,http://vocab.getty.edu/aat/300026656,"African Americans; Poetry ; Lincoln, Abraham,  1809-1865;; Douglass, Frederick,  1818-1895; Caricatures and cartoons; African American women; Death ; City and town life; Charles G. Dawes; Advice columns",,,,,,Iowa|Iowa--Des Moines,,,,,
,,,,child,1917021601,,,,,,,,,Page 1,,,,,,,,,,,,,,,,,,,,,,,,,,
,,,,child,1917021601,,,,,,,,,Page 2,,,,,,,,,,,,,,,,,,,,,,,,,,
,,,,child,1917021601,,,,,,,,,Page 3,,,,,,,,,,,,,,,,,,,,,,,,,,
,,,,child,1917021601,,,,,,,,,Page 4,,,,,,,,,,,,,,,,,,,,,,,,,,
,,1917042001,1917042001,complex,,,State Historical Society of Iowa,http://id.loc.gov/authorities/names/n80098568,eng;zxx,The Iowa State Bystander,,,,"Iowa state bystander. volume 23, number 45, April 20, 1917",Text;Still Image,,,,,,,,,1917-04-20,"Contents include but are not limited to community news (Omaha, Chillicothe, etc.), mourning and tribute to prominent Baptist pastor, Tanlac supposedly restored man’s natural rest, labor unrest grows as Black workers migrate North for jobs, Meharry Medical College receives $10,000 donation, and other topics.",5 pages,Newspapers,http://vocab.getty.edu/aat/300026656,"African Americans; Baptists ; Medicine ; Funeral service; Labor market ; Migration, Internal; Meharry Medical College ; Education; Social service ; City and town life",,,,,,Iowa|Iowa--Des Moines,,,,,
,,,,child,1917042001,,,,,,,,,Page 1,,,,,,,,,,,,,,,,,,,,,,,,,,
,,,,child,1917042001,,,,,,,,,Page 2,,,,,,,,,,,,,,,,,,,,,,,,,,
,,,,child,1917042001,,,,,,,,,Page 3,,,,,,,,,,,,,,,,,,,,,,,,,,
,,,,child,1917042001,,,,,,,,,Page 4,,,,,,,,,,,,,,,,,,,,,,,,,,
,,,,child,1917042001,,,,,,,,,Page 5,,,,,,,,,,,,,,,,,,,,,,,,,,
,,1917070601,1917070601,complex,,,State Historical Society of Iowa,http://id.loc.gov/authorities/names/n80098568,eng;zxx,The Iowa State Bystander,,,,"Iowa state bystander. volume 24, number 3, July 6, 1917",,,,,,,,,,1917-07-06,"Contents include but are not limited to Iowa Masons to hold 30th annual session in Davenport, community news (Sioux City, Centerville, etc.), masons from training camp celebrate bi-centennial at A.M.E. church, N.A.A.C.P. leader delivers bi-centennial speech, East St. Louis race riot, Tuskegee Institute reports lynching’s in first half of 1917, and other topics.",4 pages,Newspapers,http://vocab.getty.edu/aat/300026656,"African Americans; Freemasons ; African Methodist Episcopal Church; Soldiers ; National Association for the Advancement of Colored People; Race riots; Moton,  Robert Russa,  1867-1940; Lynching ; Tuskegee Institute",,,,,,Iowa|Iowa--Des Moines,,,,,
,,,,child,1917070601,,,,,,,,,Page 1,,,,,,,,,,,,,,,,,,,,,,,,,,
,,,,child,1917070601,,,,,,,,,Page 2,,,,,,,,,,,,,,,,,,,,,,,,,,
,,,,child,1917070601,,,,,,,,,Page 3,,,,,,,,,,,,,,,,,,,,,,,,,,
,,,,child,1917070601,,,,,,,,,Page 4,,,,,,,,,,,,,,,,,,,,,,,,,,
,,1917100501,1917100501,complex,,,State Historical Society of Iowa,http://id.loc.gov/authorities/names/n80098568,eng;zxx,The Iowa State Bystander,,,,"Iowa state bystander. volume 24, number 16, October 5, 1917",,,,,,,,,,1917-10-05,"Contents include but are not limited to poem about soldiers leaving for war, community news (Rock Island, Galesburg, etc.), empty sardine tin causes German bombardment, former Romanov consort sends jewelry to Germany, Black woman helps with welfare in Fort Des Moines, and other topics.",6 pages,Newspapers,http://vocab.getty.edu/aat/300026656,"African Americans; Poetry ; War; World War (1914-1918); Bombardment ; Romanov,  House of; Alexandra, Empress,  consort of Nicholas II,  Emperor of Russia,  1872-1918 ; African American women",,,,,,Iowa|Iowa--Des Moines,,,,,
,,,,child,1917100501,,,,,,,,,Page 1,,,,,,,,,,,,,,,,,,,,,,,,,,
,,,,child,1917100501,,,,,,,,,Page 2,,,,,,,,,,,,,,,,,,,,,,,,,,
,,,,child,1917100501,,,,,,,,,Page 3,,,,,,,,,,,,,,,,,,,,,,,,,,
,,,,child,1917100501,,,,,,,,,Page 4,,,,,,,,,,,,,,,,,,,,,,,,,,
,,,,child,1917100501,,,,,,,,,Page 5,,,,,,,,,,,,,,,,,,,,,,,,,,
,,,,child,1917100501,,,,,,,,,Page 6,,,,,,,,,,,,,,,,,,,,,,,,,,
,,1917122801,1917122801,complex,,,State Historical Society of Iowa,http://id.loc.gov/authorities/names/n80098568,eng;zxx,The Iowa State Bystander,,,,"Iowa state bystander. volume 24, number 28, December 28, 1917",,,,,,,,,,1917-12-28,"Contents include but are not limited to Lilian Smith excerpt on racial injustice, tribute to 24th regiment, and violence against Black Americans, Former slave Scott Bond now owns 6,000 acres and multiple businesses, poem on life's hardships, community news (Oskaloosa, Macon, etc.), Christmas traditions, and other topics.",7 pages,Newspapers,http://vocab.getty.edu/aat/300026656,"African Americans; Smith,  Lillian (Lillian Eugenia),  1897-1966; Race discrimination; Bond, Scott,  1852 or 1853-1933; Slavery; African American business enterprises; Poetry ; Christmas ",,,,,,Iowa|Iowa--Des Moines,,,,,
,,,,child,1917122801,,,,,,,,,Page 1,,,,,,,,,,,,,,,,,,,,,,,,,,
,,,,child,1917122801,,,,,,,,,Page 2,,,,,,,,,,,,,,,,,,,,,,,,,,
,,,,child,1917122801,,,,,,,,,Page 3,,,,,,,,,,,,,,,,,,,,,,,,,,
,,,,child,1917122801,,,,,,,,,Page 4,,,,,,,,,,,,,,,,,,,,,,,,,,
,,,,child,1917122801,,,,,,,,,Page 5,,,,,,,,,,,,,,,,,,,,,,,,,,
,,,,child,1917122801,,,,,,,,,Page 6,,,,,,,,,,,,,,,,,,,,,,,,,,
,,,,child,1917122801,,,,,,,,,Page 7,,,,,,,,,,,,,,,,,,,,,,,,,,
,,1918032201,1918032201,complex,,,State Historical Society of Iowa,http://id.loc.gov/authorities/names/n80098568,eng;zxx,The Iowa State Bystander,,,,"Iowa state bystander. volume 24, number 39, March 22, 1918",,,,,,,,,,1918-03-22,"Contents include but are not limited to pictures of the various councilman candidates for local elections next Monday, Gus Durdan excerpt reflecting on God, Thanksgiving, and the role of the Y.M.C.A., man kills wife and himself with seemingly no explanation, Des Moines voters urged to re-elect Woolgar for Black employment, and other topics.",4 pages,Newspapers,http://vocab.getty.edu/aat/300026656,African Americans; Local elections; YMCA of the USA; Religion ; Crime ; Murder ; African Americans--Employment;,,,,,,Iowa|Iowa--Des Moines,,,,,
,,,,child,1918032201,,,,,,,,,Page 1,,,,,,,,,,,,,,,,,,,,,,,,,,
,,,,child,1918032201,,,,,,,,,Page 2,,,,,,,,,,,,,,,,,,,,,,,,,,
,,,,child,1918032201,,,,,,,,,Page 3,,,,,,,,,,,,,,,,,,,,,,,,,,
,,,,child,1918032201,,,,,,,,,Page 4,,,,,,,,,,,,,,,,,,,,,,,,,,
,,1918080901,1918080901,complex,,,State Historical Society of Iowa,http://id.loc.gov/authorities/names/n80098568,eng;zxx,The Iowa State Bystander,,,,"Iowa state bystander. volume 25, number 7, August 9, 1918",,,,,,,,,,1918-08-09,"Contents include but are not limited to Dr. R. R. Moton to lecture in Iowa, news editors’ weekly observations on Black communities, Lt. Rufus B. Jackson writes home from France, draft numbers report, Tuskegee Institute highlights contributions, and other topics.",7 pages,Newspapers,http://vocab.getty.edu/aat/300026656,"African Americans; Moton,  Robert Russa,  1867-1940; Tuskegee Institute; World War (1914-1918); African American soldiers; Armed Forces--Military life; Draft",,,,,,Iowa|Iowa--Des Moines,,,,,
,,,,child,1918080901,,,,,,,,,Page 1,,,,,,,,,,,,,,,,,,,,,,,,,,
,,,,child,1918080901,,,,,,,,,Page 2,,,,,,,,,,,,,,,,,,,,,,,,,,
,,,,child,1918080901,,,,,,,,,Page 3,,,,,,,,,,,,,,,,,,,,,,,,,,
,,,,child,1918080901,,,,,,,,,Page 4,,,,,,,,,,,,,,,,,,,,,,,,,,
,,,,child,1918080901,,,,,,,,,Page 5,,,,,,,,,,,,,,,,,,,,,,,,,,
,,,,child,1918080901,,,,,,,,,Page 6,,,,,,,,,,,,,,,,,,,,,,,,,,
,,,,child,1918080901,,,,,,,,,Page 7,,,,,,,,,,,,,,,,,,,,,,,,,,
,,1918092001,1918092001,complex,,,State Historical Society of Iowa,http://id.loc.gov/authorities/names/n80098568,eng;zxx,The Iowa State Bystander,,,,"Iowa state bystander. volume 25, number 13, September 20, 1918",,,,,,,,,,1918-09-20,"Contents include but are not limited to wounded Black soldier speaks in Des Moines, news editor observations, telephone company advertisement, Des Moines ignores building prohibition due to war and improves buildings, Tuskegee Institute begins 38th session and trains soldiers for war, and other topics.",4 pages,Newspapers,http://vocab.getty.edu/aat/300026656,"African Americans; African American soldiers; World War (1914-1918); Observations ; Advertising--Telephone companies; Tuskegee Institute; Moton,  Robert Russa,  1867-1940; School enrollment",,,,,,Iowa|Iowa--Des Moines,,,,,
,,,,child,1918092001,,,,,,,,,Page 1,,,,,,,,,,,,,,,,,,,,,,,,,,
,,,,child,1918092001,,,,,,,,,Page 2,,,,,,,,,,,,,,,,,,,,,,,,,,
,,,,child,1918092001,,,,,,,,,Page 3,,,,,,,,,,,,,,,,,,,,,,,,,,
,,,,child,1918092001,,,,,,,,,Page 4,,,,,,,,,,,,,,,,,,,,,,,,,,
,,1918112201,1918112201,complex,,,State Historical Society of Iowa,http://id.loc.gov/authorities/names/n80098568,eng;zxx,The Iowa State Bystander,,,,"Iowa state bystander. volume 25, number 22, November 22, 1918",,,,,,,,,,1918-11-22,"Contents include but are not limited to Booker T. Washington's legacy of faith and service honored at Tuskegee, Camp Dodge opens Hostess House for Black troops, Poro College building, Newton Baker praises Black WWI soldiers in France, letters from soldiers in France, Y.M.C.A. notes, and other topics.",5 pages,Newspapers,http://vocab.getty.edu/aat/300026656,"African Americans; Washington,  Booker T.,  1856-1915; Tuskegee Institute; African American soldiers; Poro College;Baker,  Newton Diehl,  1871-1937; YMCA of the USA",,,,,,Iowa|Iowa--Des Moines,,,,,
,,,,child,1918112201,,,,,,,,,Page 1,,,,,,,,,,,,,,,,,,,,,,,,,,
,,,,child,1918112201,,,,,,,,,Page 2,,,,,,,,,,,,,,,,,,,,,,,,,,
,,,,child,1918112201,,,,,,,,,Page 3,,,,,,,,,,,,,,,,,,,,,,,,,,
,,,,child,1918112201,,,,,,,,,Page 4,,,,,,,,,,,,,,,,,,,,,,,,,,
,,,,child,1918112201,,,,,,,,,Page 5,,,,,,,,,,,,,,,,,,,,,,,,,,
,,1918122001,1918122001,complex,,,State Historical Society of Iowa,http://id.loc.gov/authorities/names/n80098568,eng;zxx,The Iowa State Bystander,,,,"Iowa state bystander. volume 25, number 26, December 20, 1918",,,,,,,,,,1918-12-20,"Contents include but are not limited to various Christmas present advertisements, Bank advertisements, small column on the origin of Christmas, 92nd Division not returning on assumption of helping in occupation in Germany, Black soldier keeps his morale despite injuries, and other topics.",7 pages,Newspapers,http://vocab.getty.edu/aat/300026656,"African Americans; Christmas ; Advertising--Banks and banking ; Advertising ; Jesus Christ; United States. Army. Infantry Division, 92nd; African American soldiers; War wounds; War",,,,,,Iowa|Iowa--Des Moines,,,,,
,,,,child,1918122001,,,,,,,,,Page 1,,,,,,,,,,,,,,,,,,,,,,,,,,
,,,,child,1918122001,,,,,,,,,Page 2,,,,,,,,,,,,,,,,,,,,,,,,,,
,,,,child,1918122001,,,,,,,,,Page 3,,,,,,,,,,,,,,,,,,,,,,,,,,
,,,,child,1918122001,,,,,,,,,Page 4,,,,,,,,,,,,,,,,,,,,,,,,,,
,,,,child,1918122001,,,,,,,,,Page 5,,,,,,,,,,,,,,,,,,,,,,,,,,
,,,,child,1918122001,,,,,,,,,Page 6,,,,,,,,,,,,,,,,,,,,,,,,,,
,,,,child,1918122001,,,,,,,,,Page 7,,,,,,,,,,,,,,,,,,,,,,,,,,
,,1919010301,1919010301,complex,,,State Historical Society of Iowa,http://id.loc.gov/authorities/names/n80098568,eng;zxx,The Iowa State Bystander,,,,"Iowa state bystander. volume 25, number 28, January 3, 1919",,,,,,,,,,1919-01-03,"Contents include but are not limited to a poem questioning Black recognition in post-war reconstruction, Illinois Black fraternal society holds successful semi-annual meeting, soldiers cited for heroism in WWI, Inter-Church Revival, European Tuberculosis reports, and other topics.",6 pages,Newspapers,http://vocab.getty.edu/aat/300026656,African Americans; War; Fraternal organizations; Meetings ; African American soldiers; World War (1914-1918); Religion ; Tuberculosis,,,,,,Iowa|Iowa--Des Moines,,,,,